mysql> SELECT ABS(2);
+--------+
| ABS(2) |
+--------+
|      2 |
+--------+
1 row in set (0.00 sec)

mysql> SELECT POWER(2,3);
+------------+
| POWER(2,3) |
+------------+
|          8 |
+------------+
1 row in set (0.00 sec)

mysql> SELECT TRUNCATE(3.9547378,4);
+-----------------------+
| TRUNCATE(3.9547378,4) |
+-----------------------+
|                3.9547 |
+-----------------------+
1 row in set (0.00 sec)

